{"cameraMode":{"drawMode":0,"name":"Shaded","section":"Shading Mode"},"sceneLighting":true,"audioPlay":false,"sceneViewState":{"showFog":true,"showMaterialUpdate":false,"showSkybox":true,"showFlares":true,"showImageEffects":true,"showParticleSystems":true},"in2DMode":false,"pivot":{"x":12.29415512084961,"y":-8.327777862548829,"z":1.4958515167236329},"rotation":{"x":-0.06374039500951767,"y":0.8796431422233582,"z":-0.454947829246521,"w":-0.12324240058660507},"size":16.958812713623048,"orthographic":false}