{"cameraMode":{"drawMode":0,"name":"Shaded","section":"Shading Mode"},"sceneLighting":true,"audioPlay":false,"sceneViewState":{"showFog":true,"showMaterialUpdate":false,"showSkybox":true,"showFlares":true,"showImageEffects":true,"showParticleSystems":true},"in2DMode":false,"pivot":{"x":2.2921059131622316,"y":-1.6372747421264649,"z":4.356287002563477},"rotation":{"x":0.27947860956192019,"y":0.2920774817466736,"z":-0.0896863266825676,"w":0.9102576971054077},"size":17.14126968383789,"orthographic":true}